<?xml version="1.0" encoding="UTF-8"?>
<project-private xmlns="http://www.netbeans.org/ns/project-private/1">
    <editor-bookmarks xmlns="http://www.netbeans.org/ns/editor-bookmarks/2" lastBookmarkId="0"/>
    <open-files xmlns="http://www.netbeans.org/ns/projectui-open-files/2">
        <group>
            <file>file:/D:/BRAC/5.%202018%20Fall/CSE221/Lab/NNC/Lab%2001/Solve/Lab01/src/lab01/Task03_Directed.java</file>
            <file>file:/D:/BRAC/5.%202018%20Fall/CSE221/Lab/NNC/Lab%2001/Solve/Lab01/src/lab01/Task03_Undirected.java</file>
        </group>
    </open-files>
</project-private>
